order_no,symbol,timestamp,order_side,quantity,price,entry_price,exit_price,net_p&l,signal,confirmation_count,position_before,position_after,reason
1,SSWL,2026-01-01 09:18:00+05:30,BUY,1,194.0,194.0,,,UP,3,0,1,entry
2,SSWL,2026-01-01 10:22:00+05:30,SELL,2,191.75,194.0,191.75,-2.25,DOWN,3,1,-1,reversal
3,SSWL,2026-01-01 10:33:00+05:30,BUY,2,193.88,191.75,193.88,-2.1299999999999955,UP,3,-1,1,reversal
4,SSWL,2026-01-01 15:10:00+05:30,SELL,1,210.29,193.88,210.29,16.409999999999997,UP,0,1,0,end_of_day
5,SSWL,2026-01-02 09:18:00+05:30,BUY,1,209.9,209.9,,,UP,3,0,1,entry
6,SSWL,2026-01-02 14:17:00+05:30,SELL,2,209.68,209.9,209.68,-0.21999999999999886,DOWN,3,1,-1,reversal
7,SSWL,2026-01-02 15:10:00+05:30,BUY,1,210.43,209.68,210.43,-0.75,DOWN,0,-1,0,end_of_day
8,SSWL,2026-01-05 09:18:00+05:30,SELL,1,210.04,210.04,,,DOWN,3,0,-1,entry
9,SSWL,2026-01-05 09:41:00+05:30,BUY,2,212.94,210.04,212.94,-2.9000000000000057,UP,3,-1,1,reversal
10,SSWL,2026-01-05 14:05:00+05:30,SELL,2,212.7,212.94,212.7,-0.2400000000000091,DOWN,3,1,-1,reversal
11,SSWL,2026-01-05 15:10:00+05:30,BUY,1,213.73,212.7,213.73,-1.0300000000000011,DOWN,0,-1,0,end_of_day
12,SSWL,2026-01-06 09:18:00+05:30,SELL,1,212.59,212.59,,,DOWN,3,0,-1,entry
13,SSWL,2026-01-06 10:57:00+05:30,BUY,2,215.23,212.59,215.23,-2.6399999999999864,UP,3,-1,1,reversal
14,SSWL,2026-01-06 13:47:00+05:30,SELL,2,215.8,215.23,215.8,0.5700000000000216,DOWN,3,1,-1,reversal
15,SSWL,2026-01-06 15:10:00+05:30,BUY,1,213.55,215.8,213.55,2.25,DOWN,0,-1,0,end_of_day
16,SSWL,2026-01-07 09:18:00+05:30,SELL,1,213.2,213.2,,,DOWN,3,0,-1,entry
17,SSWL,2026-01-07 09:42:00+05:30,BUY,2,214.04,213.2,214.04,-0.8400000000000034,UP,3,-1,1,reversal
18,SSWL,2026-01-07 12:39:00+05:30,SELL,2,215.5,214.04,215.5,1.460000000000008,DOWN,3,1,-1,reversal
19,SSWL,2026-01-07 15:10:00+05:30,BUY,1,214.24,215.5,214.24,1.259999999999991,DOWN,0,-1,0,end_of_day
20,SSWL,2026-01-08 09:18:00+05:30,SELL,1,212.93,212.93,,,DOWN,3,0,-1,entry
21,SSWL,2026-01-08 11:52:00+05:30,BUY,2,207.03,212.93,207.03,5.900000000000006,UP,3,-1,1,reversal
22,SSWL,2026-01-08 15:10:00+05:30,SELL,1,206.87,207.03,206.87,-0.1599999999999966,UP,0,1,0,end_of_day
23,SSWL,2026-01-09 09:18:00+05:30,SELL,1,206.26,206.26,,,DOWN,3,0,-1,entry
24,SSWL,2026-01-09 15:10:00+05:30,BUY,1,199.2,206.26,199.2,7.060000000000002,DOWN,0,-1,0,end_of_day
25,SSWL,2026-01-12 09:18:00+05:30,SELL,1,197.68,197.68,,,DOWN,3,0,-1,entry
26,SSWL,2026-01-12 10:07:00+05:30,BUY,2,199.0,197.68,199.0,-1.3199999999999932,UP,3,-1,1,reversal
27,SSWL,2026-01-12 11:36:00+05:30,SELL,2,194.52,199.0,194.52,-4.47999999999999,DOWN,3,1,-1,reversal
28,SSWL,2026-01-12 13:15:00+05:30,BUY,2,198.0,194.52,198.0,-3.4799999999999898,UP,3,-1,1,reversal
29,SSWL,2026-01-12 15:10:00+05:30,SELL,1,198.26,198.0,198.26,0.2599999999999909,UP,0,1,0,end_of_day
30,SSWL,2026-01-13 09:18:00+05:30,BUY,1,201.14,201.14,,,UP,3,0,1,entry
31,SSWL,2026-01-13 10:57:00+05:30,SELL,2,197.64,201.14,197.64,-3.5,DOWN,3,1,-1,reversal
32,SSWL,2026-01-13 13:54:00+05:30,BUY,2,198.4,197.64,198.4,-0.7600000000000193,UP,3,-1,1,reversal
33,SSWL,2026-01-13 13:57:00+05:30,SELL,2,198.12,198.4,198.12,-0.28000000000000114,DOWN,3,1,-1,reversal
34,SSWL,2026-01-13 14:10:00+05:30,BUY,2,198.64,198.12,198.64,-0.5199999999999818,UP,3,-1,1,reversal
35,SSWL,2026-01-13 15:10:00+05:30,SELL,1,200.47,198.64,200.47,1.8300000000000125,UP,0,1,0,end_of_day
36,SSWL,2026-01-14 09:18:00+05:30,BUY,1,200.0,200.0,,,UP,3,0,1,entry
37,SSWL,2026-01-14 09:44:00+05:30,SELL,2,199.02,200.0,199.02,-0.9799999999999898,DOWN,3,1,-1,reversal
38,SSWL,2026-01-14 11:36:00+05:30,BUY,2,200.78,199.02,200.78,-1.759999999999991,UP,3,-1,1,reversal
39,SSWL,2026-01-14 13:22:00+05:30,SELL,2,199.37,200.78,199.37,-1.4099999999999966,DOWN,3,1,-1,reversal
40,SSWL,2026-01-14 15:10:00+05:30,BUY,1,199.08,199.37,199.08,0.28999999999999204,UP,0,-1,0,end_of_day
41,SSWL,2026-01-16 09:18:00+05:30,BUY,1,197.91,197.91,,,UP,3,0,1,entry
42,SSWL,2026-01-16 10:53:00+05:30,SELL,2,197.41,197.91,197.41,-0.5,DOWN,3,1,-1,reversal
43,SSWL,2026-01-16 15:10:00+05:30,BUY,1,197.51,197.41,197.51,-0.09999999999999432,DOWN,0,-1,0,end_of_day
44,SSWL,2026-01-19 09:18:00+05:30,SELL,1,195.96,195.96,,,DOWN,3,0,-1,entry
45,SSWL,2026-01-19 15:10:00+05:30,BUY,1,194.78,195.96,194.78,1.1800000000000068,DOWN,0,-1,0,end_of_day
46,SSWL,2026-01-20 09:18:00+05:30,SELL,1,193.7,193.7,,,DOWN,3,0,-1,entry
47,SSWL,2026-01-20 15:10:00+05:30,BUY,1,190.48,193.7,190.48,3.219999999999999,DOWN,0,-1,0,end_of_day
48,SSWL,2026-01-21 09:18:00+05:30,SELL,1,191.0,191.0,,,DOWN,3,0,-1,entry
49,SSWL,2026-01-21 12:07:00+05:30,BUY,2,189.13,191.0,189.13,1.8700000000000045,UP,3,-1,1,reversal
50,SSWL,2026-01-21 13:32:00+05:30,SELL,2,188.45,189.13,188.45,-0.6800000000000068,DOWN,3,1,-1,reversal
51,SSWL,2026-01-21 15:10:00+05:30,BUY,1,186.91,188.45,186.91,1.539999999999992,DOWN,0,-1,0,end_of_day
52,SSWL,2026-01-22 09:18:00+05:30,BUY,1,190.19,190.19,,,UP,3,0,1,entry
53,SSWL,2026-01-22 11:25:00+05:30,SELL,2,189.09,190.19,189.09,-1.0999999999999943,DOWN,3,1,-1,reversal
54,SSWL,2026-01-22 13:07:00+05:30,BUY,2,187.34,189.09,187.34,1.75,UP,3,-1,1,reversal
55,SSWL,2026-01-22 15:10:00+05:30,SELL,1,187.29,187.34,187.29,-0.05000000000001137,UP,0,1,0,end_of_day
56,SSWL,2026-01-23 09:18:00+05:30,BUY,1,187.2,187.2,,,UP,3,0,1,entry
57,SSWL,2026-01-23 09:39:00+05:30,SELL,2,185.26,187.2,185.26,-1.9399999999999977,DOWN,3,1,-1,reversal
58,SSWL,2026-01-23 15:10:00+05:30,BUY,1,179.06,185.26,179.06,6.199999999999989,DOWN,0,-1,0,end_of_day
59,SSWL,2026-01-27 09:18:00+05:30,BUY,1,179.35,179.35,,,UP,3,0,1,entry
60,SSWL,2026-01-27 13:41:00+05:30,SELL,2,184.89,179.35,184.89,5.539999999999992,DOWN,3,1,-1,reversal
61,SSWL,2026-01-27 14:31:00+05:30,BUY,2,189.08,184.89,189.08,-4.190000000000026,UP,3,-1,1,reversal
62,SSWL,2026-01-27 15:10:00+05:30,SELL,1,192.56,189.08,192.56,3.4799999999999898,UP,0,1,0,end_of_day
63,SSWL,2026-01-28 09:18:00+05:30,BUY,1,191.23,191.23,,,UP,3,0,1,entry
64,SSWL,2026-01-28 12:34:00+05:30,SELL,2,188.55,191.23,188.55,-2.6799999999999784,DOWN,3,1,-1,reversal
65,SSWL,2026-01-28 14:26:00+05:30,BUY,2,190.43,188.55,190.43,-1.8799999999999955,UP,3,-1,1,reversal
66,SSWL,2026-01-28 15:10:00+05:30,SELL,1,190.0,190.43,190.0,-0.4300000000000068,UP,0,1,0,end_of_day
67,SSWL,2026-01-29 09:18:00+05:30,SELL,1,189.17,189.17,,,DOWN,3,0,-1,entry
68,SSWL,2026-01-29 13:16:00+05:30,BUY,2,191.17,189.17,191.17,-2.0,UP,3,-1,1,reversal
69,SSWL,2026-01-29 15:10:00+05:30,SELL,1,190.38,191.17,190.38,-0.789999999999992,UP,0,1,0,end_of_day
70,SSWL,2026-01-30 09:18:00+05:30,SELL,1,188.56,188.56,,,DOWN,3,0,-1,entry
71,SSWL,2026-01-30 09:29:00+05:30,BUY,2,194.72,188.56,194.72,-6.159999999999997,UP,3,-1,1,reversal
72,SSWL,2026-01-30 15:10:00+05:30,SELL,1,204.28,194.72,204.28,9.560000000000002,UP,0,1,0,end_of_day
73,SSWL,2026-02-01 09:20:00+05:30,SELL,1,202.0,202.0,,,DOWN,3,0,-1,entry
74,SSWL,2026-02-01 09:51:00+05:30,BUY,2,205.22,202.0,205.22,-3.219999999999999,UP,3,-1,1,reversal
75,SSWL,2026-02-01 11:47:00+05:30,SELL,2,203.76,205.22,203.76,-1.460000000000008,DOWN,3,1,-1,reversal
76,SSWL,2026-02-01 13:31:00+05:30,BUY,2,210.8,203.76,210.8,-7.0400000000000205,UP,3,-1,1,reversal
77,SSWL,2026-02-01 15:10:00+05:30,SELL,1,207.88,210.8,207.88,-2.920000000000016,UP,0,1,0,end_of_day
